{
    "config": {
        "batch_size": 16,
        "learning_rate": 2e-05,
        "max_length": 512,
        "model_name": "bert-base-uncased",
        "num_epochs": 3,
        "warmup_steps": 500,
        "weight_decay": 0.01
    },
    "metrics": {
        "eval_loss": 0.21472583711147308,
        "eval_accuracy": 0.94104,
        "eval_precision": 0.931444670527469,
        "eval_recall": 0.95216,
        "eval_f1": 0.9416884247171453,
        "eval_auc": 0.9852817024,
        "eval_predictive_entropy": 0.053545430302619934,
        "eval_gpu_memory_usage_mb": 4761.35302734375,
        "eval_runtime": 128.933,
        "eval_samples_per_second": 193.899,
        "eval_steps_per_second": 12.123,
        "epoch": 3.0
    }
}